TicketNo,Transported
0013-1,1
0018-1,0
0019-1,1
0021-1,1
0023-1,1
0027-1,1
0029-1,1
0032-1,1
0032-2,1
0033-1,1
0037-1,0
0040-1,0
0040-2,1
0042-1,0
0046-1,0
0046-2,0
0046-3,0
0047-1,1
0048-1,1
0049-1,0
0054-1,1
0054-2,1
0054-3,1
0055-1,0
0057-1,1
0059-1,1
0060-1,0
0063-1,1
0065-1,1
0075-1,0
0079-1,1
0080-1,0
0083-1,0
0087-1,0
0089-1,1
0093-1,1
0094-1,1
0094-2,0
0095-1,1
0096-1,1
0100-2,1
0104-1,0
0106-1,1
0109-1,0
0117-1,0
0118-1,0
0121-1,0
0124-1,1
0125-1,1
0125-2,0
0130-1,1
0131-1,1
0132-1,1
0135-1,0
0137-1,1
0142-1,1
0142-2,0
0142-3,1
0143-1,1
0145-1,0
0150-1,1
0150-2,1
0153-1,0
0154-1,1
0155-1,0
0157-1,0
0158-1,0
0158-2,1
0159-1,0
0161-1,0
0162-1,1
0166-1,1
0168-1,1
0175-1,1
0175-3,1
0175-4,1
0175-5,1
0176-1,0
0180-1,0
0184-1,0
0185-1,1
0187-1,1
0191-1,0
0194-1,1
0194-2,1
0194-3,0
0204-1,0
0214-1,0
0214-2,0
0215-1,1
0218-1,0
0226-1,1
0228-1,1
0228-3,1
0228-4,0
0230-1,1
0230-2,0
0235-1,1
0236-1,1
0238-1,0
0247-1,1
0247-2,1
0249-1,0
0256-1,1
0259-1,1
0264-1,1
0264-2,1
0264-3,0
0266-1,0
0266-2,0
0268-1,0
0268-2,0
0271-1,0
0272-1,0
0273-1,1
0273-2,1
0273-3,0
0274-2,1
0276-1,0
0276-2,1
0279-1,0
0280-1,1
0284-1,0
0292-1,0
0295-1,1
0296-1,0
0299-1,1
0300-1,0
0311-1,0
0312-1,1
0317-1,0
0318-1,1
0319-1,0
0319-2,1
0328-1,1
0332-1,1
0339-1,0
0339-2,0
0339-3,1
0339-4,1
0339-5,1
0339-6,0
0339-7,0
0339-8,0
0342-1,0
0342-2,1
0344-1,1
0349-2,1
0349-3,0
0349-4,1
0349-5,0
0349-6,0
0353-1,1
0353-2,1
0354-1,1
0362-1,1
0363-1,0
0363-2,1
0363-3,1
0364-1,0
0367-1,0
0374-1,0
0386-1,0
0390-1,1
0393-1,0
0394-1,0
0399-1,1
0400-1,1
0404-1,1
0406-1,0
0414-1,0
0416-1,0
0418-1,0
0419-1,0
0420-1,0
0421-1,1
0422-1,0
0424-1,0
0440-1,0
0443-1,0
0450-1,0
0451-1,1
0455-1,1
0464-1,1
0467-1,1
0467-2,1
0467-3,1
0467-4,1
0469-1,0
0473-1,0
0478-1,0
0478-2,1
0479-1,1
0483-2,1
0484-1,1
0486-1,1
0489-1,0
0489-2,1
0491-1,1
0492-1,0
0494-1,1
0494-2,0
0495-1,1
0495-2,1
0495-3,1
0495-4,1
0495-5,0
0495-6,1
0496-1,1
0496-2,1
0497-1,1
0500-1,1
0505-1,0
0508-1,0
0514-1,1
0524-1,1
0526-1,1
0530-1,0
0530-2,0
0532-1,0
0532-2,1
0535-1,0
0536-1,0
0541-1,1
0543-1,1
0544-1,1
0554-1,0
0557-1,1
0557-2,1
0558-1,1
0562-1,0
0562-2,1
0578-1,1
0584-1,1
0584-2,0
0592-1,1
0595-1,1
0601-1,0
0604-1,1
0605-1,0
0606-1,1
0613-1,1
0613-2,1
0620-1,0
0620-3,1
0621-1,0
0622-1,0
0624-1,1
0625-1,1
0625-3,1
0626-1,1
0626-2,1
0626-3,1
0627-1,1
0632-1,0
0632-2,1
0632-3,1
0640-1,1
0640-2,1
0648-1,0
0648-2,0
0649-1,1
0651-1,1
0652-1,1
0652-2,1
0652-3,1
0652-4,0
0652-5,1
0654-1,1
0662-1,0
0666-1,1
0666-2,1
0667-1,1
0670-1,0
0670-2,0
0673-1,1
0675-1,0
0681-1,1
0692-1,1
0694-1,1
0695-1,1
0698-1,0
0700-1,0
0706-1,1
0708-1,1
0708-2,1
0711-1,0
0716-1,0
0717-1,1
0717-4,1
0717-5,0
0720-1,1
0720-2,0
0720-3,0
0721-1,1
0722-1,0
0723-1,0
0725-1,1
0731-1,0
0731-2,0
0735-1,0
0741-1,1
0742-1,0
0742-2,1
0744-1,1
0745-1,0
0747-1,0
0748-1,1
0748-2,0
0749-1,1
0751-1,1
0752-1,1
0755-1,1
0758-1,0
0758-3,0
0759-1,1
0759-2,0
0759-3,1
0760-1,0
0763-1,1
0763-2,0
0766-1,1
0774-1,0
0774-2,0
0774-3,1
0775-1,1
0775-2,1
0775-3,1
0775-4,0
0775-5,1
0775-6,1
0778-1,1
0778-2,0
0783-1,0
0792-1,1
0800-1,0
0801-1,1
0804-1,1
0807-1,0
0810-1,0
0812-1,1
0814-1,0
0827-1,0
0827-2,1
0827-3,1
0831-1,0
0832-1,1
0837-1,1
0837-2,0
0838-1,0
0838-2,0
0841-1,0
0842-1,0
0843-1,1
0844-1,1
0847-1,0
0852-1,1
0854-1,1
0855-1,1
0856-1,0
0857-1,1
0858-1,0
0858-2,1
0861-1,1
0862-1,1
0864-1,0
0864-2,1
0864-3,1
0866-1,1
0872-1,0
0880-1,1
0880-2,0
0882-1,1
0884-1,0
0886-1,0
0886-2,1
0886-3,1
0887-1,0
0888-1,0
0888-2,1
0891-1,1
0892-1,1
0892-2,1
0892-3,1
0894-1,1
0895-1,0
0896-1,1
0897-1,1
0897-2,1
0900-1,1
0908-1,1
0909-1,0
0909-2,1
0909-3,1
0914-1,0
0916-1,0
0920-1,0
0929-1,0
0934-1,0
0937-1,0
0943-1,1
0943-2,1
0945-1,0
0945-2,0
0950-1,1
0954-1,1
0958-1,0
0959-1,0
0962-1,1
0963-1,1
0973-1,0
0974-1,0
0977-1,1
0980-1,0
0981-1,0
0981-2,1
0986-1,0
0996-1,1
0999-1,1
0999-2,0
1003-1,0
1007-1,0
1009-1,0
1010-1,1
1016-1,0
1023-1,1
1028-1,1
1037-1,1
1039-1,0
1042-1,1
1044-1,1
1059-1,1
1059-2,1
1061-1,1
1064-1,0
1064-2,1
1067-1,0
1069-1,1
1070-1,1
1072-1,1
1072-2,1
1072-3,0
1072-4,0
1072-5,0
1072-6,0
1072-7,1
1072-8,1
1073-1,0
1074-1,1
1074-2,1
1087-1,0
1090-1,1
1090-2,0
1092-1,1
1098-1,0
1101-1,1
1103-1,0
1104-1,1
1106-1,0
1106-2,1
1107-1,0
1109-1,0
1111-1,1
1111-2,1
1111-3,0
1118-1,0
1118-2,1
1118-4,0
1118-5,0
1119-1,0
1119-2,1
1120-1,1
1122-1,1
1124-1,1
1124-3,0
1125-1,0
1125-2,1
1126-1,1
1128-1,1
1128-2,1
1131-1,1
1135-1,0
1135-3,0
1135-4,1
1137-1,0
1137-2,0
1138-1,1
1139-1,1
1143-1,1
1145-1,0
1145-2,0
1145-3,0
1145-4,0
1151-1,1
1158-1,0
1158-2,0
1159-1,1
1159-3,1
1160-1,0
1164-1,1
1171-1,0
1172-1,1
1176-1,0
1181-1,0
1183-1,1
1183-2,0
1183-3,1
1184-1,1
1189-1,0
1194-1,0
1196-1,0
1196-2,0
1200-1,1
1201-1,0
1201-2,1
1202-1,0
1205-1,0
1207-1,1
1207-2,1
1207-3,1
1207-4,0
1209-1,0
1217-1,1
1217-2,1
1219-1,0
1219-2,1
1224-1,1
1224-2,1
1226-1,1
1226-2,1
1227-1,1
1237-1,1
1241-1,0
1247-1,1
1249-1,0
1251-1,1
1252-1,0
1253-1,0
1257-1,1
1257-2,1
1257-3,1
1257-4,1
1262-1,1
1262-2,0
1265-1,1
1266-1,0
1268-1,1
1270-1,1
1272-1,0
1275-1,0
1276-1,0
1277-1,0
1290-1,0
1296-1,0
1297-1,1
1298-1,1
1301-2,1
1301-3,1
1303-1,1
1305-1,1
1313-1,0
1314-1,0
1315-1,1
1318-1,1
1319-1,0
1319-2,0
1320-1,1
1320-2,1
1320-3,1
1321-1,1
1321-2,1
1321-3,0
1321-4,0
1327-1,1
1329-1,0
1334-1,0
1338-1,1
1338-2,1
1339-1,1
1341-1,0
1341-2,1
1341-3,1
1343-1,0
1343-3,0
1344-1,0
1346-1,1
1349-1,1
1349-2,1
1354-1,0
1354-2,0
1354-3,1
1354-4,1
1354-5,1
1354-6,1
1354-7,1
1358-1,1
1358-2,0
1359-1,0
1361-1,1
1361-2,0
1363-1,0
1364-1,0
1364-2,1
1367-1,1
1369-1,1
1369-2,1
1372-1,1
1373-1,1
1374-1,1
1388-1,1
1392-1,0
1394-1,1
1405-1,0
1409-1,0
1409-2,1
1411-1,0
1418-1,1
1422-1,1
1422-2,0
1422-3,0
1429-1,0
1432-1,0
1432-2,0
1436-1,1
1437-1,0
1446-1,0
1448-1,0
1449-1,0
1456-1,0
1459-1,0
1464-1,0
1466-1,1
1468-1,0
1469-1,0
1469-2,0
1470-1,1
1471-4,1
1471-5,1
1472-1,1
1473-1,0
1473-2,0
1475-1,1
1476-1,0
1477-1,1
1477-2,0
1480-1,1
1482-1,1
1483-1,0
1486-1,1
1487-1,1
1487-2,0
1492-1,0
1492-2,0
1494-1,0
1495-2,1
1496-1,1
1497-1,1
1497-2,1
1502-2,1
1502-3,1
1502-4,1
1504-1,0
1505-1,0
1508-1,0
1512-1,0
1513-1,1
1514-1,1
1516-1,1
1517-1,0
1518-1,0
1518-2,0
1519-1,0
1522-1,1
1530-1,1
1537-1,1
1538-1,0
1538-2,0
1546-1,1
1553-1,1
1554-1,1
1554-2,1
1556-1,1
1557-1,1
1559-1,1
1559-2,1
1563-1,1
1566-1,1
1570-1,0
1571-1,1
1574-1,1
1575-1,1
1582-2,1
1583-1,1
1586-1,0
1587-1,1
1587-2,1
1589-1,0
1591-1,0
1591-2,1
1598-1,1
1598-2,1
1600-1,0
1605-1,0
1607-1,1
1609-1,0
1610-1,1
1618-1,0
1627-1,1
1629-1,1
1629-2,1
1629-5,1
1629-6,1
1641-1,1
1642-1,0
1643-1,0
1648-1,1
1652-1,1
1654-1,0
1664-1,0
1665-1,1
1667-1,0
1675-1,1
1679-1,1
1680-2,1
1683-1,0
1684-1,0
1686-1,0
1689-1,1
1689-2,1
1689-3,1
1693-1,1
1701-1,1
1702-1,1
1703-1,1
1707-1,0
1720-1,0
1722-1,0
1726-1,0
1726-2,1
1726-3,0
1732-1,1
1735-1,0
1737-1,0
1741-1,0
1741-2,1
1743-1,0
1744-1,1
1751-1,1
1751-2,1
1754-1,1
1759-1,1
1765-1,1
1773-1,0
1777-1,0
1777-2,1
1780-1,0
1784-1,0
1787-1,1
1788-1,0
1789-1,1
1790-2,1
1791-1,1
1791-2,1
1793-1,0
1793-2,1
1794-1,0
1795-1,0
1801-1,1
1801-2,0
1809-1,1
1814-1,0
1814-2,1
1814-3,1
1815-1,1
1819-1,0
1824-1,0
1825-1,0
1825-2,0
1830-1,1
1832-1,0
1835-1,1
1835-2,1
1837-1,1
1838-1,1
1839-1,0
1840-1,1
1842-1,0
1845-1,0
1851-1,0
1851-2,1
1852-1,1
1852-2,1
1852-3,1
1852-4,1
1858-1,1
1862-3,1
1867-1,1
1869-1,0
1870-1,0
1875-1,1
1876-1,0
1883-1,0
1885-1,1
1893-1,1
1894-1,1
1895-1,0
1904-1,0
1909-1,1
1909-2,1
1909-3,0
1910-1,1
1910-2,0
1910-3,0
1910-4,1
1912-1,0
1913-2,1
1913-3,1
1914-1,1
1917-1,1
1919-1,1
1921-1,0
1921-2,0
1924-1,1
1929-1,0
1930-1,0
1932-1,0
1934-1,0
1936-1,0
1943-1,0
1944-1,0
1948-1,0
1948-2,1
1949-1,0
1951-1,1
1951-2,0
1954-1,0
1955-1,0
1958-1,0
1965-1,1
1966-1,0
1970-1,0
1972-1,0
1982-1,0
1986-1,1
1987-1,1
1989-1,1
1990-1,1
1990-2,1
1998-1,0
2002-1,1
2004-1,1
2005-1,0
2005-2,1
2014-1,1
2016-2,0
2017-1,0
2017-2,0
2018-1,1
2020-1,1
2021-1,1
2023-1,1
2023-2,1
2023-3,1
2025-1,0
2030-1,0
2031-1,0
2033-1,0
2035-2,1
2036-1,1
2036-2,0
2036-3,1
2037-1,1
2037-2,0
2039-1,0
2039-2,1
2039-3,1
2047-1,1
2048-1,1
2049-1,1
2050-1,0
2057-2,1
2057-3,0
2057-4,1
2058-1,0
2064-1,1
2068-1,1
2068-2,1
2068-3,1
2068-4,0
2068-5,1
2069-1,0
2072-1,0
2072-2,0
2076-1,1
2077-1,0
2078-1,1
2079-1,1
2079-2,0
2079-3,0
2093-1,0
2101-1,1
2101-2,1
2103-1,0
2108-1,0
2108-2,0
2109-1,1
2119-1,0
2119-2,1
2122-1,1
2132-1,1
2146-1,1
2146-2,1
2151-1,1
2155-1,1
2157-1,0
2160-2,1
2160-3,1
2166-1,0
2169-1,0
2170-1,0
2174-1,0
2176-1,1
2178-1,0
2181-1,0
2185-1,1
2192-1,0
2197-1,1
2208-1,0
2213-1,0
2214-1,0
2216-1,1
2217-1,0
2222-1,1
2227-1,1
2230-1,1
2240-1,1
2240-2,0
2240-3,1
2242-1,1
2244-1,1
2245-2,1
2246-1,1
2246-2,0
2247-1,0
2248-1,0
2249-1,0
2250-1,0
2259-1,1
2259-2,1
2260-1,1
2265-1,0
2271-1,0
2276-1,1
2276-2,0
2283-1,0
2285-1,0
2286-1,0
2290-1,1
2292-1,1
2293-1,1
2294-1,1
2297-1,0
2304-1,1
2307-1,1
2307-2,1
2307-3,1
2307-5,1
2322-1,0
2324-1,0
2326-1,1
2328-1,0
2330-1,0
2337-1,1
2342-1,0
2343-1,1
2343-2,1
2344-2,1
2346-1,0
2350-1,0
2350-2,0
2350-3,1
2351-1,0
2351-2,0
2352-1,0
2354-1,0
2355-1,1
2355-2,1
2355-3,0
2355-4,1
2358-1,0
2359-1,0
2362-1,0
2370-1,1
2370-2,1
2371-1,1
2372-1,0
2378-1,0
2378-2,1
2380-1,0
2380-2,1
2381-1,1
2383-1,0
2383-2,0
2386-1,1
2388-1,0
2393-1,0
2394-1,1
2394-2,1
2394-3,0
2400-1,0
2405-1,0
2408-1,0
2415-1,1
2418-1,0
2420-1,0
2422-1,0
2422-2,1
2425-1,1
2425-2,1
2425-3,1
2425-4,1
2425-6,1
2428-1,0
2430-1,1
2434-1,1
2434-2,0
2437-1,0
2440-1,0
2447-1,0
2448-1,1
2448-2,1
2450-1,0
2459-1,1
2464-1,0
2465-1,1
2468-1,1
2469-1,1
2469-2,0
2473-1,0
2482-1,0
2482-2,0
2484-1,1
2484-2,0
2485-1,0
2487-1,0
2487-2,1
2487-3,0
2490-1,0
2493-1,0
2493-2,0
2494-1,1
2494-2,0
2504-1,1
2507-1,1
2511-1,1
2517-1,1
2525-1,0
2533-1,0
2536-1,1
2538-1,1
2538-2,1
2543-1,1
2556-1,1
2563-1,1
2567-1,1
2567-2,1
2568-1,1
2569-1,1
2570-1,1
2575-1,1
2576-1,1
2577-1,1
2577-2,1
2579-1,0
2583-1,1
2586-1,1
2587-1,1
2587-2,1
2600-1,0
2603-1,1
2603-2,1
2604-1,1
2608-1,1
2610-1,0
2611-1,0
2612-1,0
2613-1,1
2614-1,0
2615-1,1
2620-1,1
2621-1,0
2623-1,0
2630-1,0
2630-2,1
2632-1,0
2637-2,1
2637-3,1
2639-1,1
2644-1,0
2653-1,0
2654-1,0
2656-1,1
2665-1,0
2667-1,1
2667-2,0
2667-3,0
2667-4,1
2667-5,1
2669-1,0
2673-1,1
2674-1,1
2674-2,1
2681-1,1
2686-1,0
2689-1,0
2694-1,1
2694-2,1
2696-1,1
2699-1,0
2710-1,1
2710-2,1
2711-1,1
2715-1,0
2715-2,0
2716-1,0
2716-2,1
2719-1,0
2719-2,1
2719-3,0
2728-1,1
2733-1,0
2735-1,0
2742-1,1
2744-1,0
2749-1,1
2757-1,0
2761-1,0
2761-2,1
2766-1,1
2767-1,0
2771-1,0
2775-1,0
2776-1,1
2777-1,1
2779-1,0
2794-1,0
2794-2,0
2794-3,1
2794-4,1
2794-5,0
2794-6,1
2794-7,1
2800-1,1
2803-1,1
2804-1,1
2808-1,1
2808-2,1
2815-1,0
2815-2,1
2815-3,0
2816-1,1
2827-1,1
2828-1,0
2829-1,1
2830-1,1
2833-1,1
2836-1,1
2841-1,0
2842-1,1
2844-1,0
2845-1,1
2848-1,1
2848-2,1
2848-3,1
2850-1,1
2850-2,1
2850-3,0
2850-4,1
2851-1,0
2864-1,0
2868-1,1
2868-2,1
2868-4,1
2874-1,0
2879-1,0
2885-1,0
2886-1,0
2889-1,0
2895-1,1
2896-1,0
2898-1,1
2898-2,1
2904-1,0
2904-2,1
2911-1,1
2914-1,1
2915-1,1
2916-1,1
2917-1,0
2918-1,0
2921-1,0
2922-1,0
2923-1,1
2924-1,0
2931-1,1
2931-2,0
2937-1,0
2939-1,1
2946-1,0
2946-2,0
2946-3,0
2946-4,0
2947-1,1
2951-1,0
2952-1,0
2957-1,1
2963-1,1
2967-1,1
2973-1,0
2976-1,1
2976-2,1
2976-3,1
2976-4,0
2977-1,0
2977-2,0
2977-3,0
2978-1,0
2980-1,0
2981-1,1
2985-1,1
2987-1,0
2989-1,0
2991-1,0
2997-1,1
2997-2,0
2997-3,0
2997-4,1
2999-1,0
3002-1,0
3007-1,0
3008-1,1
3008-3,1
3008-4,1
3008-5,1
3008-6,1
3011-1,1
3016-1,1
3016-2,1
3016-3,1
3016-4,0
3017-1,1
3028-1,1
3031-1,1
3035-1,0
3037-1,1
3037-2,1
3049-1,0
3051-1,0
3052-1,0
3056-1,1
3058-1,0
3059-1,1
3069-1,1
3072-1,1
3074-1,1
3075-1,1
3077-1,1
3077-2,1
3078-1,0
3078-2,0
3078-3,1
3078-4,0
3086-1,1
3089-1,1
3094-1,1
3097-1,1
3098-1,0
3101-1,0
3105-1,1
3105-2,0
3106-1,1
3107-1,1
3108-1,1
3109-1,1
3115-1,1
3122-2,0
3125-1,0
3127-1,1
3129-1,1
3135-1,0
3137-1,1
3139-1,0
3141-1,1
3144-1,0
3148-1,1
3148-2,0
3150-1,1
3151-1,1
3153-1,0
3153-2,1
3154-1,1
3155-1,1
3156-1,0
3160-1,0
3165-1,0
3170-1,1
3173-1,1
3178-1,1
3183-1,0
3187-1,0
3190-1,0
3190-2,1
3194-1,0
3199-1,1
3202-1,1
3207-1,0
3208-1,0
3214-1,1
3226-1,1
3228-1,0
3231-1,1
3233-1,1
3234-1,0
3242-1,0
3244-1,1
3244-2,1
3244-3,1
3245-1,1
3245-2,0
3246-1,1
3249-1,0
3249-2,1
3250-1,0
3251-1,0
3257-1,1
3261-1,0
3263-1,1
3264-1,0
3265-1,0
3265-2,1
3265-3,1
3265-4,1
3266-1,0
3267-1,1
3277-1,0
3278-1,1
3281-1,1
3285-1,0
3285-2,1
3288-1,1
3290-1,1
3290-2,0
3291-1,1
3302-1,0
3303-1,0
3316-1,1
3320-1,0
3320-2,0
3321-1,1
3333-1,0
3334-1,1
3335-1,0
3340-1,0
3341-2,0
3344-1,1
3344-2,1
3345-2,0
3345-3,1
3347-1,1
3347-2,0
3351-2,1
3354-1,0
3355-1,1
3358-1,0
3362-1,1
3362-2,0
3366-1,1
3368-1,1
3368-2,1
3368-4,1
3368-7,0
3369-1,0
3373-1,1
3374-1,0
3375-1,0
3376-1,1
3378-1,0
3385-1,1
3388-1,1
3393-1,1
3398-1,0
3399-1,0
3407-1,0
3407-2,0
3411-1,0
3411-3,0
3411-4,0
3411-5,1
3411-6,1
3411-7,0
3414-1,0
3416-1,0
3427-1,1
3429-1,1
3435-1,0
3436-1,1
3448-1,0
3448-2,1
3451-1,0
3452-1,0
3457-1,1
3460-1,0
3463-1,1
3466-1,0
3471-1,0
3472-1,1
3477-1,0
3477-2,1
3479-1,0
3481-1,0
3482-1,0
3493-1,1
3494-1,0
3494-2,1
3498-1,0
3500-1,1
3502-1,0
3503-1,0
3505-1,0
3507-1,1
3508-2,1
3509-2,0
3510-1,1
3513-1,1
3513-2,1
3513-3,0
3513-4,1
3516-1,0
3517-1,1
3522-1,1
3524-1,0
3526-1,0
3529-1,1
3538-1,0
3541-1,0
3544-1,1
3544-2,1
3545-1,0
3549-1,0
3551-1,0
3554-1,0
3557-1,0
3571-1,1
3574-1,0
3575-1,0
3580-1,1
3580-2,1
3581-1,0
3583-1,0
3585-1,1
3587-1,1
3587-2,0
3587-3,1
3589-1,0
3589-2,1
3589-3,1
3589-5,0
3589-6,1
3589-7,1
3590-1,0
3593-1,1
3601-1,0
3601-2,1
3601-3,1
3601-4,1
3601-5,1
3601-6,0
3601-7,1
3603-1,1
3603-2,1
3604-1,1
3611-1,0
3617-1,0
3617-2,1
3617-3,0
3618-1,1
3618-2,0
3618-3,1
3618-4,0
3621-1,0
3621-2,0
3623-1,1
3627-1,1
3632-1,0
3635-1,1
3635-2,0
3637-1,0
3638-1,0
3643-1,1
3646-1,0
3646-2,1
3649-1,0
3651-1,1
3656-1,1
3656-2,0
3657-1,1
3657-3,0
3659-1,0
3659-2,1
3659-3,1
3659-4,1
3659-5,0
3659-6,1
3659-7,1
3661-1,0
3666-1,1
3669-1,1
3670-1,1
3672-1,0
3672-2,0
3673-1,1
3675-1,1
3675-2,1
3676-1,1
3683-1,1
3683-2,1
3684-1,1
3684-2,1
3685-1,1
3687-1,1
3689-1,0
3694-1,1
3695-1,0
3696-1,1
3697-1,0
3701-1,1
3701-2,1
3709-1,1
3712-2,1
3712-3,1
3712-4,1
3712-5,1
3717-1,0
3717-2,1
3718-1,1
3720-1,1
3720-2,1
3720-3,1
3721-1,0
3722-1,0
3723-1,0
3725-1,1
3727-1,0
3731-1,1
3738-1,1
3740-1,0
3746-1,0
3746-2,1
3746-3,1
3746-4,1
3763-1,0
3764-1,1
3764-2,1
3766-1,1
3766-2,1
3780-1,1
3782-1,0
3782-2,0
3791-1,0
3792-1,1
3794-1,1
3799-1,0
3800-1,0
3802-1,0
3806-1,1
3808-1,1
3809-1,0
3809-2,1
3813-1,1
3819-1,0
3825-1,0
3827-1,0
3828-1,1
3828-2,0
3829-1,0
3829-2,1
3833-1,1
3834-1,1
3837-1,0
3840-1,0
3843-1,1
3844-1,1
3844-2,1
3845-1,0
3855-1,1
3858-1,1
3858-2,1
3858-3,0
3859-1,1
3860-1,1
3861-1,0
3863-1,0
3865-1,1
3869-1,1
3876-1,1
3876-2,0
3876-3,1
3877-1,0
3878-1,0
3880-1,0
3881-1,0
3882-1,1
3884-1,0
3885-1,0
3889-1,0
3889-2,0
3891-1,1
3892-1,1
3892-2,0
3893-1,0
3893-2,1
3893-3,0
3900-1,0
3901-1,1
3902-1,1
3905-1,1
3906-1,0
3906-2,0
3908-1,0
3908-2,1
3910-1,1
3914-1,0
3918-1,0
3920-1,0
3925-1,0
3925-2,0
3929-1,1
3934-1,1
3934-2,0
3943-1,1
3943-2,1
3943-3,0
3947-1,0
3951-1,0
3953-1,1
3956-1,0
3965-1,0
3969-1,0
3972-1,1
3975-1,1
3978-1,0
3979-1,0
3982-1,0
3983-1,0
3989-1,1
3989-2,1
3989-3,1
3989-4,1
3993-1,0
4004-1,0
4007-1,0
4011-1,1
4012-1,1
4012-2,1
4015-2,0
4024-1,1
4025-1,1
4028-1,1
4029-1,1
4041-1,1
4048-1,0
4048-2,1
4048-3,0
4051-1,1
4054-1,1
4054-2,1
4054-3,0
4056-1,0
4057-1,0
4059-2,0
4067-1,0
4070-1,1
4070-2,1
4070-3,1
4073-1,0
4073-2,1
4074-1,0
4077-1,0
4085-1,0
4086-1,0
4086-2,1
4086-3,1
4087-1,1
4088-1,1
4092-1,1
4094-1,0
4094-2,0
4105-1,0
4111-1,1
4117-1,0
4119-1,1
4121-1,0
4122-1,0
4124-1,1
4126-1,0
4133-1,1
4133-2,1
4136-1,1
4136-2,0
4138-1,0
4139-1,0
4146-1,1
4148-1,1
4153-1,0
4155-1,1
4157-1,0
4162-1,1
4164-1,1
4180-1,1
4187-1,0
4190-1,1
4192-1,0
4193-1,1
4198-1,1
4200-1,1
4201-1,0
4202-1,1
4202-2,0
4209-1,0
4217-1,0
4224-1,0
4224-2,1
4226-1,1
4226-2,0
4227-1,1
4228-1,0
4234-1,0
4234-2,0
4235-1,0
4235-2,1
4236-2,1
4241-1,1
4247-2,0
4248-1,0
4248-2,0
4250-1,1
4263-1,0
4263-2,1
4263-3,1
4265-1,1
4268-2,1
4269-1,0
4275-1,0
4277-1,1
4279-1,0
4281-1,0
4282-1,1
4283-1,0
4284-2,0
4285-1,1
4286-1,1
4286-2,0
4288-1,1
4288-2,0
4290-1,0
4298-1,0
4298-3,1
4299-1,0
4304-1,0
4307-1,1
4308-1,1
4314-1,1
4321-1,1
4322-1,1
4323-1,1
4323-2,0
4323-3,1
4323-4,1
4325-1,1
4326-1,0
4328-1,1
4331-1,1
4341-1,1
4341-2,1
4353-1,0
4355-1,1
4363-1,1
4374-1,0
4377-1,1
4377-3,1
4378-1,0
4379-1,1
4380-1,0
4381-1,1
4381-2,0
4384-1,1
4385-1,1
4385-2,1
4385-3,1
4394-1,0
4398-1,0
4406-1,0
4417-1,1
4418-1,0
4419-1,0
4419-2,0
4420-2,1
4421-1,0
4423-1,0
4425-1,1
4425-2,1
4434-1,0
4435-2,1
4439-1,1
4439-2,0
4442-1,1
4443-1,0
4443-2,0
4454-1,1
4455-1,0
4455-2,0
4468-1,1
4471-1,0
4478-1,0
4480-1,1
4481-1,0
4484-1,0
4488-1,0
4489-1,0
4495-1,0
4499-1,1
4503-1,0
4504-1,1
4507-1,0
4513-1,0
4519-1,1
4520-1,0
4523-1,1
4523-2,1
4523-4,1
4523-5,1
4523-6,1
4525-1,0
4526-1,0
4527-1,0
4528-1,1
4536-1,0
4541-1,0
4545-1,0
4548-1,1
4551-1,1
4551-2,1
4551-3,1
4551-4,1
4554-1,0
4556-1,0
4566-1,0
4578-1,0
4582-1,1
4582-2,1
4582-3,1
4582-4,1
4582-5,1
4582-6,1
4583-1,1
4583-2,1
4583-3,1
4584-1,0
4588-1,0
4589-1,0
4598-1,0
4599-1,1
4600-1,1
4600-2,1
4601-1,0
4614-1,1
4614-2,0
4616-1,0
4618-1,0
4619-1,1
4626-1,1
4629-1,0
4639-1,1
4639-2,1
4639-3,0
4639-4,0
4639-6,1
4647-1,1
4660-1,1
4666-1,0
4670-1,0
4671-1,0
4671-2,0
4671-4,0
4674-1,0
4675-1,0
4675-2,0
4681-1,0
4683-1,1
4683-2,0
4685-1,1
4687-1,0
4688-1,0
4692-1,0
4697-1,1
4698-1,1
4700-1,1
4701-1,1
4701-2,1
4701-3,1
4701-4,1
4702-1,1
4702-2,0
4703-1,1
4703-2,1
4705-1,1
4705-2,0
4707-1,0
4707-2,1
4715-1,1
4716-1,0
4718-1,1
4722-1,0
4724-1,1
4727-1,0
4727-2,1
4729-1,0
4731-1,1
4734-1,0
4735-1,0
4736-1,1
4737-1,0
4740-1,1
4742-1,0
4745-1,1
4747-1,1
4747-2,0
4749-1,0
4751-1,0
4760-1,1
4761-1,1
4761-2,1
4761-3,1
4766-1,1
4768-1,1
4768-2,1
4771-1,1
4776-1,1
4776-3,1
4779-1,0
4781-1,0
4789-1,0
4799-1,0
4799-2,0
4799-3,0
4800-1,0
4802-1,1
4802-2,0
4806-1,0
4809-1,0
4811-1,1
4812-1,1
4816-1,0
4820-1,1
4820-2,0
4821-1,0
4824-1,1
4825-1,1
4826-1,1
4833-1,0
4834-1,1
4835-1,0
4839-1,0
4843-1,0
4843-2,0
4849-1,1
4852-1,1
4855-1,1
4855-2,1
4858-1,0
4859-1,1
4860-1,1
4861-1,0
4865-1,0
4872-1,0
4877-1,0
4894-1,1
4905-1,1
4906-1,0
4907-1,1
4908-1,0
4914-1,0
4919-1,0
4921-1,0
4922-1,1
4926-1,0
4928-1,0
4931-1,1
4935-2,1
4935-3,1
4936-1,0
4947-1,0
4948-1,0
4949-1,1
4949-2,0
4955-1,0
4957-1,1
4959-1,1
4966-1,1
4966-2,1
4967-1,0
4968-1,1
4969-1,1
4969-2,1
4971-1,1
4982-1,1
4984-1,0
4986-1,0
4988-1,1
4993-1,1
4994-1,0
5001-1,1
5002-1,1
5011-1,1
5024-1,1
5024-2,1
5024-3,1
5024-4,0
5024-5,1
5026-1,0
5029-1,1
5029-2,1
5030-1,1
5031-1,0
5031-2,1
5033-1,0
5037-1,0
5038-2,1
5041-1,0
5043-1,1
5043-2,1
5043-3,0
5045-1,1
5046-1,1
5047-1,1
5049-1,0
5054-1,0
5055-1,1
5056-1,1
5056-2,1
5066-1,1
5071-1,1
5077-1,0
5078-1,0
5079-1,1
5081-1,0
5082-1,0
5086-1,1
5086-2,0
5092-1,1
5094-1,1
5094-2,0
5096-1,0
5096-2,0
5098-1,0
5098-3,1
5099-1,0
5100-1,1
5101-1,1
5102-1,0
5107-1,0
5110-1,1
5113-1,0
5114-1,1
5118-1,1
5119-1,0
5123-1,0
5131-1,1
5134-1,0
5135-1,0
5141-1,1
5143-1,1
5147-1,1
5149-1,0
5149-2,1
5150-1,1
5153-1,1
5155-1,0
5159-1,1
5159-2,0
5164-1,1
5168-1,0
5169-1,0
5172-1,0
5178-1,1
5183-1,1
5189-1,1
5191-1,0
5195-1,0
5200-1,0
5203-1,1
5203-2,1
5212-1,0
5215-1,0
5219-1,1
5219-2,1
5222-1,1
5228-1,0
5228-2,1
5231-1,0
5232-1,0
5232-2,0
5233-1,0
5237-1,1
5241-1,1
5241-2,1
5245-1,1
5259-1,0
5261-1,0
5263-1,0
5267-1,1
5267-2,1
5267-3,1
5283-1,0
5284-1,1
5285-1,1
5286-1,0
5289-1,0
5293-1,0
5293-2,0
5294-1,0
5296-1,0
5302-1,1
5306-1,0
5306-2,1
5308-1,1
5308-2,1
5308-3,0
5309-1,1
5311-1,1
5317-1,0
5317-2,1
5318-1,1
5318-2,1
5319-1,0
5321-1,0
5328-1,1
5329-1,0
5329-2,1
5329-3,1
5329-6,1
5329-7,1
5332-1,1
5335-1,1
5335-2,1
5335-3,0
5335-4,1
5336-1,1
5339-1,1
5339-2,1
5339-3,1
5342-1,0
5349-1,1
5357-1,1
5357-2,1
5357-3,0
5357-4,0
5358-1,0
5364-1,1
5369-1,0
5369-2,0
5369-3,1
5370-1,1
5371-1,1
5371-2,0
5371-3,1
5371-4,1
5376-1,1
5376-2,1
5377-1,1
5381-1,0
5382-1,1
5382-2,1
5386-1,1
5391-1,0
5393-1,0
5398-1,1
5399-1,0
5405-1,0
5409-1,0
5417-1,0
5419-1,0
5426-1,1
5428-1,0
5429-1,0
5432-1,1
5433-1,1
5439-1,0
5442-1,0
5444-1,0
5448-1,0
5456-1,0
5460-1,0
5461-1,0
5464-1,0
5473-1,1
5473-2,0
5481-1,1
5482-1,0
5493-1,1
5495-1,1
5498-1,1
5498-2,1
5502-1,1
5503-1,0
5505-3,1
5513-1,1
5513-2,1
5513-3,0
5516-1,0
5518-1,0
5532-1,1
5533-1,0
5534-1,0
5542-1,0
5547-1,1
5548-1,1
5549-1,1
5553-1,1
5553-2,0
5554-1,1
5562-2,1
5564-1,0
5565-1,0
5567-1,0
5570-1,1
5576-1,0
5577-2,1
5577-3,1
5577-5,1
5579-1,1
5584-1,1
5584-2,0
5588-1,0
5588-2,1
5588-3,1
5588-5,1
5590-1,1
5593-1,0
5597-1,1
5600-1,1
5604-1,0
5605-1,0
5607-1,1
5612-1,1
5617-1,0
5620-1,0
5620-2,0
5621-1,0
5630-1,1
5632-1,1
5633-1,0
5634-1,1
5635-1,0
5636-1,0
5638-1,1
5641-1,1
5649-1,1
5654-1,0
5656-1,1
5657-1,0
5658-1,0
5660-1,0
5664-1,1
5664-2,1
5665-1,0
5666-1,0
5668-1,1
5669-1,1
5670-1,1
5672-1,1
5675-1,1
5676-1,1
5678-1,1
5678-2,0
5682-1,1
5683-1,0
5690-1,0
5691-1,1
5694-1,1
5699-1,0
5703-1,0
5708-1,1
5715-2,1
5720-1,0
5720-2,0
5731-1,0
5731-2,1
5734-2,0
5741-1,0
5743-1,0
5745-1,1
5749-1,0
5752-1,0
5753-1,0
5754-1,0
5759-1,1
5760-1,0
5762-1,0
5766-1,1
5770-1,1
5774-1,0
5775-1,1
5782-1,0
5782-3,1
5782-4,1
5787-1,0
5787-2,1
5787-3,1
5789-1,1
5789-2,1
5797-1,1
5798-1,0
5803-1,1
5805-1,0
5807-1,0
5815-2,0
5815-3,0
5830-1,1
5833-1,0
5838-1,0
5841-1,0
5841-2,1
5850-1,1
5851-1,0
5851-2,1
5853-1,0
5862-1,0
5864-1,1
5865-1,0
5866-1,1
5870-1,1
5872-1,0
5873-1,0
5873-2,1
5873-3,0
5881-1,1
5883-1,1
5884-1,0
5892-1,0
5893-1,0
5893-2,1
5895-1,0
5896-1,1
5899-1,0
5904-1,1
5904-2,0
5910-1,0
5911-1,1
5911-2,0
5911-3,0
5911-4,1
5911-5,1
5911-6,1
5914-1,1
5918-1,1
5926-1,1
5929-1,1
5932-1,0
5935-1,0
5936-1,1
5936-2,1
5936-3,0
5936-4,1
5936-5,0
5937-1,1
5940-1,0
5942-1,1
5942-2,1
5943-1,0
5948-1,0
5958-1,1
5961-1,1
5961-2,1
5962-1,0
5964-2,1
5966-1,1
5978-2,1
5979-1,1
5982-1,0
5996-1,1
5997-1,1
5997-2,1
6002-1,0
6005-1,1
6005-2,1
6005-3,1
6005-4,0
6005-5,1
6009-2,0
6012-1,0
6013-1,1
6018-1,0
6021-1,1
6023-1,0
6037-1,1
6044-1,0
6044-2,1
6046-1,1
6050-1,1
6051-1,0
6053-1,0
6056-1,0
6057-1,1
6063-1,1
6072-1,0
6074-1,1
6074-2,1
6074-3,1
6079-1,1
6081-2,0
6081-3,1
6081-4,0
6083-1,0
6084-1,1
6088-1,1
6089-1,1
6093-1,1
6097-1,0
6104-1,1
6113-1,0
6114-1,0
6119-1,1
6119-3,1
6125-1,0
6129-1,0
6134-1,1
6140-1,0
6142-1,0
6144-1,1
6147-1,0
6151-2,1
6154-1,1
6159-1,0
6160-1,0
6160-2,1
6161-1,1
6164-1,1
6165-1,1
6177-1,0
6183-1,0
6187-1,1
6188-1,1
6190-1,1
6193-1,1
6193-2,1
6193-3,0
6193-4,0
6195-1,0
6197-1,1
6198-1,0
6202-1,1
6203-1,0
6209-2,1
6210-1,1
6212-1,1
6217-1,1
6217-2,0
6221-1,1
6226-1,0
6231-1,1
6231-2,1
6231-3,0
6233-1,0
6233-2,1
6233-3,1
6235-1,1
6242-1,1
6244-1,0
6244-2,1
6247-1,0
6255-1,1
6257-1,1
6257-2,0
6257-3,1
6258-1,1
6259-1,0
6260-2,0
6261-1,0
6261-2,0
6267-1,0
6267-2,1
6267-3,1
6267-4,1
6267-5,1
6267-6,1
6269-1,0
6269-2,0
6269-3,1
6272-1,0
6272-2,1
6275-1,1
6278-1,1
6278-2,1
6284-1,1
6286-1,0
6286-2,1
6287-1,0
6287-2,0
6288-1,1
6288-2,0
6288-3,1
6291-1,0
6294-1,1
6295-1,1
6295-2,0
6298-1,1
6303-1,0
6307-1,0
6310-1,0
6311-1,1
6312-2,0
6314-1,0
6329-1,0
6332-1,1
6332-2,1
6332-3,1
6332-4,0
6332-6,1
6332-8,0
6333-1,0
6336-1,0
6337-1,1
6342-1,1
6342-2,0
6345-1,1
6345-2,1
6350-1,1
6352-1,1
6352-2,1
6358-1,0
6358-2,1
6359-1,0
6362-1,0
6364-1,1
6375-1,0
6377-1,1
6379-1,0
6383-2,1
6384-1,0
6386-1,1
6387-1,0
6389-1,0
6391-2,1
6392-1,1
6393-1,0
6395-1,0
6401-1,1
6401-2,0
6403-1,0
6410-1,0
6410-2,0
6417-1,1
6423-1,0
6425-1,0
6426-1,0
6427-1,1
6429-1,1
6435-1,0
6438-1,0
6440-1,1
6441-1,0
6445-1,0
6460-1,1
6466-1,0
6467-1,0
6469-1,1
6474-1,0
6476-1,0
6479-1,1
6483-1,1
6484-1,0
6491-1,0
6491-2,0
6491-3,1
6495-1,0
6496-1,1
6496-2,0
6497-1,0
6498-1,1
6499-3,1
6499-4,1
6499-5,0
6499-6,1
6499-7,1
6499-8,1
6504-1,1
6504-2,1
6506-1,0
6506-2,0
6507-1,1
6515-1,1
6516-1,1
6516-2,1
6519-1,0
6521-1,0
6524-1,0
6528-1,1
6532-1,0
6533-1,1
6533-2,0
6534-1,0
6536-1,0
6537-1,0
6538-1,0
6542-1,0
6543-1,1
6551-1,1
6554-1,0
6555-1,1
6559-1,1
6559-2,1
6564-1,1
6564-2,1
6566-1,0
6571-1,0
6575-1,1
6576-1,1
6577-1,1
6577-2,0
6577-3,1
6579-1,1
6581-1,0
6584-1,1
6586-1,0
6587-1,1
6589-1,1
6596-1,1
6600-1,1
6605-1,1
6605-2,1
6607-1,0
6610-1,1
6612-1,1
6612-2,0
6612-4,1
6612-6,1
6615-1,1
6617-2,1
6617-3,1
6619-1,0
6627-1,1
6629-1,1
6632-1,0
6636-1,1
6640-1,1
6644-1,0
6648-1,1
6651-1,0
6653-1,1
6658-1,1
6658-3,0
6661-1,1
6666-1,1
6677-1,1
6678-1,0
6678-2,1
6679-1,0
6682-1,1
6682-2,1
6685-1,0
6686-1,0
6687-1,0
6688-1,1
6689-1,0
6689-2,0
6690-1,1
6695-1,1
6700-1,1
6700-2,0
6701-1,1
6704-1,0
6705-1,0
6710-1,1
6712-1,0
6714-1,0
6715-1,0
6716-1,0
6717-1,1
6723-1,0
6728-1,1
6732-1,0
6733-1,1
6735-1,0
6738-2,1
6740-1,0
6743-1,1
6752-1,0
6752-2,0
6752-3,0
6755-1,0
6759-1,1
6767-1,0
6767-2,0
6768-1,0
6769-1,1
6770-1,1
6770-2,1
6770-3,1
6771-1,0
6772-1,1
6777-1,1
6783-1,1
6785-1,1
6790-1,0
6793-1,1
6793-2,1
6797-1,0
6803-1,1
6804-1,1
6807-1,1
6807-2,1
6809-1,0
6811-1,1
6812-1,0
6812-2,0
6815-1,0
6819-1,0
6819-2,1
6819-3,1
6823-1,1
6828-1,1
6830-1,1
6835-1,1
6835-2,0
6836-1,0
6838-1,1
6838-2,0
6838-3,0
6842-1,0
6845-1,1
6847-1,0
6849-1,0
6852-1,1
6852-2,0
6855-1,0
6856-1,0
6860-1,0
6870-1,0
6872-1,1
6874-1,1
6875-1,0
6875-2,0
6875-3,1
6876-1,1
6876-2,1
6876-3,1
6877-1,0
6878-1,1
6881-1,1
6884-1,1
6886-1,1
6888-1,1
6888-4,0
6890-1,0
6904-1,1
6904-2,1
6904-3,0
6909-1,1
6914-1,1
6916-1,1
6922-1,1
6923-1,1
6933-1,1
6936-1,0
6936-2,0
6936-3,1
6938-1,1
6941-1,1
6942-1,1
6948-1,1
6952-1,1
6953-1,0
6955-1,0
6958-1,0
6959-1,0
6959-2,1
6959-3,1
6961-1,0
6965-1,1
6969-1,0
6974-1,0
6975-1,0
6983-1,1
6983-2,0
6986-1,1
6986-2,0
6986-3,1
6986-4,1
6986-5,1
6986-6,1
6986-7,1
6986-8,1
6989-1,1
7000-1,1
7003-1,0
7009-1,0
7012-1,1
7024-1,1
7030-1,0
7033-1,0
7035-1,1
7046-2,0
7046-3,0
7054-1,1
7054-2,1
7055-1,1
7063-1,1
7063-2,0
7064-1,1
7066-1,0
7066-2,1
7067-2,1
7067-3,0
7070-1,1
7075-1,0
7076-1,1
7081-1,1
7081-2,1
7100-1,1
7100-2,0
7101-1,0
7101-2,0
7102-1,1
7103-1,0
7103-2,1
7107-1,1
7108-1,0
7112-1,1
7115-1,1
7122-1,1
7124-1,1
7124-2,1
7129-1,1
7130-1,1
7130-2,1
7130-3,0
7130-4,0
7130-6,1
7130-7,0
7131-1,1
7135-1,1
7135-2,1
7135-3,1
7135-4,1
7136-1,1
7138-1,0
7139-1,0
7141-1,1
7145-1,0
7146-1,0
7150-1,0
7150-2,1
7153-1,0
7154-1,0
7158-1,0
7163-1,1
7163-2,1
7163-3,0
7164-1,0
7169-1,1
7172-1,0
7172-2,0
7174-1,0
7178-1,1
7185-1,1
7195-1,1
7196-1,1
7198-1,1
7201-1,0
7204-1,0
7209-1,1
7209-2,1
7211-1,0
7212-1,1
7213-1,1
7220-1,0
7222-1,1
7223-1,1
7228-1,1
7231-1,0
7239-1,1
7241-1,1
7241-2,0
7243-1,1
7243-2,1
7243-3,1
7243-4,0
7243-5,1
7244-1,1
7245-1,1
7248-1,0
7248-2,1
7251-1,1
7254-1,0
7262-1,0
7264-1,0
7266-1,0
7266-2,1
7266-3,1
7269-1,0
7269-2,1
7272-1,1
7275-1,1
7281-1,0
7282-1,1
7286-1,0
7287-1,1
7291-1,1
7293-1,0
7294-1,0
7295-1,0
7295-2,0
7299-1,1
7308-1,1
7312-1,1
7315-1,1
7316-1,1
7317-1,0
7319-1,1
7319-2,1
7319-3,1
7325-1,0
7329-1,0
7329-2,0
7329-3,1
7333-1,0
7345-1,0
7348-1,0
7348-2,1
7348-3,1
7349-1,0
7352-1,0
7354-1,1
7354-2,1
7354-3,1
7354-4,0
7354-5,1
7354-6,0
7355-1,0
7357-1,1
7362-1,0
7373-1,1
7373-2,1
7375-1,0
7378-1,0
7380-1,1
7380-2,1
7380-3,0
7380-4,1
7381-1,1
7382-1,1
7383-1,1
7383-2,0
7384-1,0
7386-1,1
7389-1,1
7397-1,1
7400-1,0
7404-1,1
7407-1,0
7409-2,1
7412-1,1
7413-1,1
7413-2,1
7414-1,0
7415-1,0
7417-1,0
7421-1,1
7421-2,1
7423-1,0
7423-2,1
7424-1,0
7426-1,1
7426-2,1
7426-3,1
7433-1,1
7434-1,0
7439-1,0
7439-2,1
7441-1,1
7443-1,1
7451-1,0
7454-1,0
7465-1,0
7466-1,0
7467-1,0
7468-1,0
7470-1,1
7471-2,0
7473-1,0
7473-2,1
7474-1,1
7476-1,1
7480-1,0
7482-1,1
7489-1,1
7489-2,0
7489-3,1
7491-1,1
7493-1,1
7497-1,1
7511-1,1
7516-1,0
7519-1,0
7526-1,1
7528-1,1
7528-2,1
7528-3,0
7528-4,1
7530-1,1
7530-2,0
7530-4,0
7532-1,1
7537-1,1
7539-1,1
7539-2,1
7540-1,0
7541-1,1
7541-3,1
7546-1,1
7547-1,1
7548-1,0
7551-1,1
7554-1,1
7556-1,1
7556-4,1
7557-2,1
7557-3,1
7558-1,0
7558-2,1
7564-1,0
7566-1,1
7570-1,1
7570-2,0
7571-1,0
7575-1,0
7581-1,0
7582-1,1
7582-2,1
7582-3,1
7582-4,0
7582-5,1
7587-1,1
7589-1,1
7591-1,0
7593-1,1
7597-1,1
7597-3,0
7597-4,1
7597-6,1
7597-7,0
7600-1,1
7600-2,0
7602-1,1
7603-1,1
7607-1,0
7610-1,1
7610-2,1
7611-1,0
7611-2,0
7612-1,0
7612-2,1
7613-1,1
7617-1,0
7619-1,1
7629-1,1
7629-2,1
7629-3,1
7636-1,0
7637-1,1
7637-2,0
7637-3,1
7638-1,1
7642-1,1
7645-1,1
7648-1,1
7651-1,1
7653-1,0
7654-1,1
7655-1,1
7657-1,0
7659-1,0
7662-1,1
7663-1,1
7664-1,0
7668-1,1
7672-1,0
7674-1,0
7681-1,1
7685-1,1
7686-1,1
7695-1,1
7701-1,0
7704-1,1
7706-1,1
7718-1,1
7722-1,0
7725-1,1
7726-1,1
7733-1,0
7734-1,1
7737-1,1
7740-2,1
7745-1,1
7750-1,0
7756-1,1
7758-1,0
7759-1,1
7762-1,0
7765-1,1
7765-2,1
7765-3,1
7766-1,0
7772-1,1
7779-1,1
7781-1,0
7792-2,1
7792-3,1
7792-4,0
7792-5,1
7794-1,0
7795-2,0
7796-1,0
7798-1,0
7798-2,1
7799-1,1
7811-1,1
7814-1,0
7817-1,0
7819-1,1
7822-1,0
7823-1,1
7825-1,0
7825-2,1
7825-3,0
7826-1,1
7827-1,1
7836-1,0
7838-1,1
7844-1,0
7846-1,0
7846-2,1
7855-1,0
7857-1,1
7860-1,0
7862-1,1
7867-1,0
7869-1,0
7874-1,0
7874-2,0
7876-1,0
7880-2,0
7887-1,1
7893-1,1
7893-2,1
7893-4,1
7893-5,1
7896-1,1
7898-1,0
7900-1,0
7906-1,0
7909-1,0
7911-1,1
7912-1,0
7915-1,1
7915-3,1
7917-1,1
7921-1,0
7921-2,0
7923-1,1
7925-1,1
7927-1,1
7927-2,1
7927-3,1
7928-1,1
7931-1,0
7932-1,1
7933-1,1
7934-1,1
7938-1,0
7942-1,0
7951-1,1
7959-1,1
7963-1,1
7963-2,1
7963-3,1
7964-1,1
7965-1,1
7966-1,0
7969-1,1
7971-1,1
7971-2,0
7975-1,1
7977-1,0
7978-1,1
7978-2,0
7979-1,0
7980-1,0
7991-1,0
7991-2,0
7991-3,1
7991-4,1
7992-1,1
7997-1,1
7998-1,1
7998-2,1
7998-3,1
7998-4,1
8001-1,0
8002-1,0
8008-1,0
8009-1,1
8011-1,1
8013-1,0
8017-1,0
8022-1,1
8028-1,0
8033-1,0
8039-2,1
8040-1,0
8041-1,0
8044-1,1
8045-1,1
8047-1,1
8048-1,1
8051-1,1
8051-2,1
8061-1,1
8061-2,1
8062-1,0
8065-1,0
8070-1,0
8073-1,1
8074-1,1
8080-1,1
8090-1,1
8093-1,0
8095-1,1
8096-1,1
8099-1,1
8100-1,0
8101-1,1
8104-1,1
8109-1,0
8110-1,0
8111-1,1
8113-1,1
8113-2,1
8113-4,0
8114-1,1
8125-1,1
8125-2,1
8126-1,0
8127-1,1
8132-1,0
8134-1,1
8142-1,1
8145-1,1
8146-1,1
8151-1,0
8155-1,1
8160-1,0
8163-1,1
8169-1,1
8172-1,1
8174-1,0
8179-1,1
8180-1,0
8181-1,0
8181-2,0
8181-3,1
8183-1,0
8184-1,0
8185-1,0
8187-1,0
8188-1,0
8193-1,1
8195-1,1
8196-1,0
8196-2,1
8198-1,1
8206-1,0
8215-1,1
8223-1,1
8228-1,0
8230-1,0
8234-1,0
8236-1,1
8240-1,1
8241-1,1
8245-1,1
8245-2,1
8246-1,0
8249-1,0
8250-1,1
8253-1,0
8256-1,0
8258-1,0
8262-1,1
8263-1,0
8274-1,1
8278-1,1
8283-1,1
8284-1,1
8284-2,1
8286-1,1
8290-1,1
8293-1,0
8296-1,1
8299-1,0
8304-1,0
8304-2,1
8304-3,0
8305-1,1
8305-2,1
8305-3,1
8308-1,0
8325-1,1
8325-2,0
8327-1,0
8331-1,1
8337-1,0
8340-1,0
8340-2,1
8340-3,0
8347-1,1
8350-1,0
8351-1,0
8352-1,0
8353-1,1
8355-1,1
8357-2,1
8358-1,0
8359-1,0
8361-1,0
8361-2,0
8361-3,1
8361-4,1
8361-5,1
8364-1,1
8367-1,1
8370-1,1
8370-2,0
8372-1,1
8385-1,1
8385-2,0
8385-3,0
8389-1,1
8391-1,0
8396-1,0
8399-1,0
8400-1,1
8400-2,1
8400-3,0
8402-1,1
8402-2,1
8402-3,1
8408-1,1
8408-2,1
8412-1,1
8413-1,1
8415-1,0
8422-1,0
8424-1,0
8425-1,1
8425-2,1
8426-1,0
8426-2,0
8428-1,1
8434-1,1
8436-1,0
8439-1,1
8440-1,0
8440-2,1
8440-3,1
8443-2,0
8445-1,1
8445-2,1
8445-3,1
8446-1,0
8450-1,1
8450-2,0
8450-3,1
8453-1,1
8455-1,0
8461-1,1
8464-1,0
8464-2,1
8473-1,1
8473-2,0
8478-1,1
8478-2,0
8484-1,1
8485-1,1
8488-1,1
8496-1,0
8497-1,1
8498-1,0
8499-1,1
8501-1,1
8505-1,0
8507-1,1
8510-1,0
8510-2,1
8513-1,0
8515-1,0
8517-2,1
8519-1,1
8520-1,0
8525-1,1
8525-2,1
8526-1,0
8526-2,0
8527-1,1
8529-1,0
8531-1,1
8532-1,0
8533-1,1
8534-1,1
8534-2,1
8534-3,1
8534-4,1
8543-1,1
8543-2,1
8543-3,1
8543-4,0
8543-5,0
8543-6,0
8543-7,1
8543-8,0
8546-1,1
8547-1,0
8550-1,0
8553-1,0
8555-1,1
8555-2,1
8555-3,1
8558-1,1
8562-1,0
8563-1,0
8564-1,0
8565-1,1
8565-2,1
8565-3,0
8567-1,0
8567-2,0
8567-3,0
8568-1,1
8568-2,1
8575-1,0
8578-1,0
8579-1,1
8582-1,1
8583-1,1
8583-2,1
8590-1,0
8591-1,1
8593-1,0
8600-1,1
8608-1,1
8622-1,0
8625-1,0
8627-1,0
8632-1,1
8632-2,1
8647-1,1
8648-1,1
8648-2,0
8648-3,1
8649-1,0
8655-1,0
8660-1,1
8662-1,1
8665-1,1
8666-1,1
8676-1,1
8677-1,0
8677-2,1
8677-3,1
8678-2,1
8679-1,1
8682-1,0
8686-1,1
8689-1,1
8690-1,0
8690-2,1
8692-1,1
8692-2,0
8692-3,1
8697-1,1
8698-1,1
8699-1,1
8702-1,0
8706-1,0
8707-1,0
8711-1,0
8713-1,0
8713-2,1
8715-1,1
8718-1,0
8724-1,0
8725-1,1
8726-1,1
8730-1,0
8731-1,0
8738-1,1
8739-1,0
8740-1,0
8742-1,0
8745-1,0
8746-1,1
8747-1,1
8747-2,0
8748-1,0
8748-2,0
8756-1,0
8758-1,0
8758-2,1
8761-1,0
8763-1,0
8763-2,0
8763-3,1
8765-1,0
8767-1,0
8767-2,0
8768-1,0
8768-2,1
8768-3,0
8777-1,0
8778-1,1
8778-2,1
8784-1,0
8788-1,0
8792-1,0
8793-1,0
8793-2,1
8793-3,1
8793-5,1
8795-1,1
8800-3,1
8800-4,1
8800-5,1
8803-1,1
8804-3,1
8804-4,0
8804-5,0
8814-1,1
8829-1,1
8832-1,0
8837-1,0
8839-1,1
8839-2,1
8846-2,0
8847-1,1
8851-1,1
8855-1,0
8857-1,1
8859-1,0
8866-1,1
8870-1,1
8870-2,0
8873-1,1
8873-3,1
8875-1,1
8875-3,1
8877-1,1
8877-2,1
8879-1,1
8882-1,0
8887-1,1
8888-1,0
8893-1,1
8893-2,1
8895-2,0
8898-1,0
8908-1,1
8909-1,0
8911-1,1
8912-1,1
8913-1,1
8913-2,1
8913-3,1
8915-1,0
8916-1,1
8917-1,1
8921-1,1
8924-1,1
8925-1,1
8925-2,1
8925-3,1
8925-4,1
8925-5,1
8927-1,1
8929-1,0
8931-1,0
8933-1,0
8934-1,0
8935-1,1
8936-1,0
8943-1,0
8946-1,1
8949-1,0
8950-1,0
8951-1,0
8952-1,0
8953-1,0
8957-1,0
8958-1,1
8960-1,1
8960-2,0
8960-3,1
8962-1,0
8965-1,0
8971-1,1
8974-1,1
8979-1,1
8980-1,0
8980-2,0
8980-3,1
8980-4,0
8980-6,1
8980-7,1
8990-1,1
8991-1,0
8994-1,0
8994-2,1
8995-1,0
9000-1,0
9002-1,0
9005-1,1
9016-1,0
9016-2,0
9016-3,0
9016-4,1
9016-5,0
9017-1,1
9022-1,0
9022-2,1
9025-2,1
9027-1,0
9033-1,1
9040-1,0
9044-1,0
9045-1,0
9045-2,0
9047-1,1
9050-1,1
9051-1,0
9053-1,1
9053-2,1
9054-1,1
9055-1,1
9056-1,0
9062-1,0
9063-1,1
9065-1,1
9067-1,0
9067-2,1
9070-2,1
9082-1,0
9083-1,1
9083-2,0
9086-1,1
9086-2,1
9087-1,0
9088-1,1
9090-1,0
9091-1,1
9092-1,0
9093-1,0
9096-1,1
9096-2,1
9100-1,0
9102-1,1
9105-1,1
9113-1,1
9117-1,0
9121-1,1
9123-1,1
9133-1,1
9135-1,0
9143-1,0
9143-2,0
9143-3,0
9146-2,0
9146-3,1
9147-1,1
9153-1,0
9154-1,1
9155-2,0
9155-3,1
9155-4,1
9162-1,1
9162-2,0
9162-3,0
9166-1,1
9171-1,1
9177-1,1
9177-2,1
9187-1,0
9187-2,0
9191-1,1
9198-1,0
9200-1,0
9204-1,0
9206-1,1
9206-2,0
9207-1,1
9209-1,0
9210-1,0
9212-1,0
9212-2,1
9214-1,0
9215-1,1
9216-1,0
9229-1,0
9232-1,0
9236-1,1
9238-1,1
9238-2,1
9238-3,1
9238-4,0
9238-6,1
9238-7,1
9240-1,0
9243-1,1
9245-1,0
9249-1,1
9255-1,1
9258-1,1
9262-1,1
9263-1,1
9265-1,1
9266-1,1
9266-2,1
9271-1,1
9277-1,1
9282-1,0
